热门查询,点击次数,展示,点击率,排名
asg dropshipping,109,148,0.7365,1.16
asgdropshipping,11,120,0.0917,1
asg china,1,32,0.031200000000000002,12.59
best dropshipping supplier platforms,1,2,0.5,93.5
how long does stockx take to ship,0,552,0,14.31
pandabuy,0,372,0,28.04
is pandabuy legit,0,351,0,10.73
best dropshipping automation software,0,320,0,39.09
dropshipping automation,0,296,0,71.43
what happened to pandabuy,0,295,0,10.23
dropshipping automation software,0,285,0,56.15
how long does stockx take to deliver,0,229,0,12.24
what is pandabuy,0,180,0,11.17
is dhgate legit,0,136,0,40.15
is dhgate reliable,0,128,0,39.54
stockx shipping time,0,124,0,18.53
best dropshipping software 2026,0,113,0,14.17
dhgate legit,0,109,0,32.23
top market research tools for ecommerce businesses,0,109,0,81.67
usps vs ups shipping cost comparison 2026,0,105,0,12.52
stockx shipping,0,99,0,32.62
automated dropshipping,0,95,0,65.31
ups vs usps,0,89,0,55.42
what carrier does stockx use,0,82,0,9.51
stockx delivery time,0,81,0,16.85
how long does it take for stockx to ship,0,80,0,13.44
stock x shipping time,0,79,0,10.37
how long does it take for stockx to deliver,0,79,0,11.9
what is dhgate,0,79,0,55.9
is dhgate safe,0,77,0,49.84
how long does stockx take to ship to canada,0,74,0,9.54
usps vs ups cheaper shipping comparison 2026,0,73,0,15.48
"shopify recommended order processing time ""order processing time"" ""shopify"" 
24 48 hours fulfillment -site:bigcommerce.com -site:woocommerce.com 
-site:wix.com -site:squarespace.com -site:magento.com -site:salesforce.com 
-site:squareup.com -site:ecwid.com -site:prestashop.com -site:opencart.com 
-site:shift4shop.com -site:bigcartel.com -site:volusion.com -site:sap.com 
-site:oracle.com -site:commercetools.com",0,72,0,4.62
bigcommerce dropshipping store audit checklist 2025 or 2026,0,71,0,4.52
how long do stockx orders take,0,70,0,14.41
usps vs ups,0,68,0,67.51
ups vs usps shipping cost comparison 2026,0,67,0,14.18
dropship automation,0,65,0,69.52
usps vs ups shipping rates comparison 2026,0,63,0,13.37
how long does stockx take to ship after verification,0,61,0,10.25
is dhgate,0,57,0,48.98
how long does stockx take to ship to australia,0,56,0,7.93
stockx delivery time uk,0,55,0,9.31
china online wholesale marketplace,0,55,0,58.93
ups tracking features vs other carriers 2025 2026,0,52,0,7.54
how long is stockx shipping,0,52,0,11.71
how long does stock x take to ship,0,51,0,11.57
usps vs ups shipping costs comparison 2026,0,47,0,13.81
does stockx ship internationally,0,44,0,10.59
how long do stockx take to ship,0,44,0,11.7
best tools for automating etsy dropshipping 2025 2026,0,44,0,15.66
usps vs ups cost comparison 2026,0,43,0,15
how long does stockx shipping take,0,42,0,12.74
leading tools for automating etsy dropshipping 2025 2026,0,42,0,13.43
drop shipping automation,0,42,0,74.74
best dropshipping automation tools 2026,0,35,0,15.71
dhgate vs aliexpress,0,35,0,30.8
is pandabuy safe,0,31,0,17.61
zendrop dropshipping supplier,0,30,0,8.07
ups reliability shipping provider reviews 2025 2026,0,29,0,8.17
ups vs usps shipping rates comparison 2026,0,29,0,13.69
ups vs usps shipping costs comparison 2026,0,29,0,16.76
leading tools for automating amazon dropshipping 2025 2026,0,29,0,17.55
aliexpress vs dhgate,0,29,0,31.62
china sourcing websites,0,29,0,67.72
pandabuy what happened,0,28,0,9.39
best dropshipping automation software 2026,0,28,0,13.86
"best dropshipping software for automated order fulfillment and inventory 
syncing 2026",0,28,0,15.14
china product sourcing websites,0,28,0,65.75
ups overnight shipping service evaluation review 2025 2026,0,27,0,6.52
best automation tools for shopify dropshipping 2025 2026,0,27,0,17.48
drop shipping automation software,0,27,0,75.7
whats pandabuy,0,26,0,8.85
best tools for automating amazon dropshipping 2025 2026,0,26,0,15.58
pandabuy status 2026 still operating,0,25,0,11
how long does it take stockx to ship,0,25,0,14.04
is dhgate trustworthy,0,25,0,32.2
dropship fulfillment solution,0,25,0,77.04
what happened to panda buy,0,24,0,10.67
how long does stockx delivery take,0,24,0,11
how long stockx take to ship,0,24,0,11.88
usps vs ups shipping costs comparison 2025 2026,0,24,0,15.42
how long does stockx take to ship to uk,0,23,0,8.26
how long is stockx delivery,0,23,0,11.52
is dhgate real,0,23,0,36.61
ups or usps,0,23,0,72.17
us customs clearance time for sf express shipments from china to us 2026,0,22,0,9.05
where does stockx ship from,0,22,0,23.59
is dhgate products real,0,22,0,25.23
chinese wholesale websites,0,22,0,74.55
stockx international shipping,0,21,0,10.52
does stockx deliver to australia,0,20,0,9.05
pandabuy legit,0,20,0,10.2
how fast is stockx shipping,0,20,0,12.55
how long does it take stockx to deliver,0,20,0,13.75
stockx delivery time usa,0,20,0,18.75
pandabuy website,0,19,0,10.74
stockx shipping to poland,0,19,0,12.95
dropship routing automation,0,19,0,41.58
china wholesale website,0,19,0,72.79
how long does stockx take to ship express,0,18,0,9.33
best dropshipping software 2026 comparison,0,18,0,14.61
does pandabuy still work,0,18,0,16.11
how long does stockx express shipping take,0,17,0,10.88
stockx how long to ship,0,17,0,13
how long for stockx to ship,0,17,0,13.82
is dhgate real?,0,17,0,38.59
difference between ups and usps,0,17,0,68.65
dropship fulfilment services,0,17,0,73.47
"best dropshipping software for automated order fulfillment and inventory 
syncing 2025 2026",0,16,0,11.75
ups vs united states postal service,0,16,0,43.44
difference between usps and ups,0,16,0,65.25
is ups or usps better,0,16,0,76.19
how long does stockx take to ship uk,0,15,0,7.87
what shipping company does stockx use,0,15,0,9.33
"""vestiaire collective"" ""operational transparency""",0,15,0,10.27
stockx shipping countries india,0,15,0,10.47
how fast does stockx ship,0,15,0,11.93
stockx shipping times,0,15,0,14.67
shipping ups vs usps,0,15,0,57
automated dropshipping software,0,15,0,58.13
is usps and ups the same,0,15,0,58.2
how long is stockx standard shipping,0,14,0,14.71
dhgate is legit,0,14,0,38
ups versus usps,0,14,0,50.71
marketplace research tool,0,14,0,54.29
what is dh gate,0,14,0,59.14
ups vs usps rates,0,14,0,69.36
wholesale from china website,0,14,0,73.36
ups reliability shipping performance reviews 2025 2026,0,13,0,8
does stockx ship to australia,0,13,0,10.62
top dropshipping management platforms 2025 2026,0,13,0,15.08
dhgate reliable,0,13,0,40.69
what is dhgate.com,0,13,0,46.31
ups vs. usps,0,13,0,53.85
us postal service vs ups,0,13,0,61.92
is dhgate a real website,0,13,0,66.69
is ups or usps faster,0,13,0,68.62
how long is stock x shipping,0,12,0,10.75
does stockx ship to singapore,0,12,0,11.58
usps vs ups for shipping packages comparison 2026,0,12,0,12.5
ups vs usps cost comparison 2026,0,12,0,15.08
is dh gate safe,0,12,0,63
is ups or usps cheaper,0,12,0,83.58
is usps faster than ups,0,12,0,85
stockx delivery time to uk,0,11,0,8.91
usps ups shipping cost comparison 2026,0,11,0,9
ups vs usps package shipping cost comparison 2026,0,11,0,14.27
how long does a stockx order take,0,11,0,15
how long do stockx take,0,11,0,17.64
is dhgate legitimate,0,11,0,31.45
is dhgate good,0,11,0,37.27
ups reliability as shipping provider reviews 2025 2026,0,10,0,2
dhgate spreedsheet,0,10,0,3.8
how long do stockx take to deliver,0,10,0,10.1
how long does stock x take to deliver,0,10,0,11.4
dhgate trustworthy,0,10,0,36.3
dhgate aliexpress,0,10,0,41.3
is dhgate a real site,0,10,0,52.7
usps and ups difference,0,10,0,54
is usps the same as ups,0,10,0,56.7
what's the difference between ups and usps,0,10,0,58.4
is dhgate safe to buy from,0,10,0,58.8
is ups and usps the same,0,10,0,63.2
us mail vs ups,0,10,0,63.9
ups rates vs usps,0,10,0,64.4
best dropshipping automation,0,10,0,65.1
temu and shein,0,10,0,70.4
compare shipping rates ups vs usps,0,10,0,72.1
which is better ups or usps,0,10,0,75.8
what's pandabuy,0,9,0,9.44
how long does stock x shipping take,0,9,0,9.89
stockx europe shipping,0,9,0,10.67
does stockx ship to po boxes,0,9,0,11.44
ups vs usps comparison 2026,0,9,0,12.56
how long stockx take to deliver,0,9,0,13
how long does stockx take to deliver shoes,0,9,0,14.11
usps vs ups shipping rates comparison 2025 2026,0,9,0,15.33
is dh gate reliable,0,9,0,35.67
dhgate.com legit,0,9,0,44.78
ups usps difference,0,9,0,49.22
automation software for dropshipping,0,9,0,56.56
shein and temu,0,9,0,57.89
is ups the same as usps,0,9,0,59.67
what's the difference between usps and ups,0,9,0,63
usps or ups for international shipping,0,9,0,77.67
is usps or ups faster,0,9,0,82.44
zendrop dropshipping platform,0,8,0,4.12
asg sourcing,0,8,0,7.75
best free erp for ebay individual dropshipper 2026,0,8,0,7.88
what happend to pandabuy,0,8,0,10.75
what delivery service does stockx use,0,8,0,11.12
usps vs ups shipping cost comparison 2025 2026,0,8,0,13.88
is pandabuy still working 2026,0,8,0,14.38
"why do douyin videos with 200-500 views fail to get further traffic 
promotion? -filetype:txt -filetype:pdf -filetype:epub -filetype:doc 
-filetype:docx -filetype:xls -filetype:xlsx -filetype:ppt -filetype:csv 
-site:youtube.com -site:tiktok.com -site:instagram.com -site:ebay.com 
-site:jd.com -site:amazon.com -site:iqiyi.com -site:bilibili.com -site:t.me 
-site:douyin.com -site:douban.com -site:apple.com -site:reddit.com 
-site:researchgate.net -site:academia.edu -site:dokumen.pub 
-site:en.wikipedia.org -site:quora.com -site:sciencedirect.com 
-site:cambridge.org -site:mdpi.com -site:link.springer.com 
-site:zhuanlan.zhihu.com -site:journals.sagepub.com -site:imdb.com 
-site:tandfonline.com -site:onlinelibrary.wiley.com -site:brill.com 
-site:getyourguide.com -site:academic.oup.com -site:www.emerald.com 
-site:eresources.nlb.gov.sg -site:www.govinfo.gov",0,8,0,14.5
best dropshipping platforms for automated order fulfillment 2026,0,8,0,17
is dhgate authentic,0,8,0,26.25
is dhgate a legit company,0,8,0,46
is ordering from dhgate safe,0,8,0,52.5
wholesale website in china,0,8,0,63.5
wholesale websites in china,0,8,0,66.75
chinese wholesale website,0,8,0,67.62
china wholesale websites,0,8,0,68.38
ups or usps faster,0,8,0,72.25
usps vs ups price,0,8,0,74
marketplace research,0,8,0,79.5
"ups overnight delivery service evaluation review performance reliability 
2025 2026",0,7,0,5.29
asg sourcing agent,0,7,0,7.86
does stockx take long to ship,0,7,0,11
pandabuy current status 2026,0,7,0,15.43
dropshipping automation types explained,0,7,0,18.14
is pandabuy still working,0,7,0,18.86
stockx shipping process,0,7,0,23.14
does panda buy still work,0,7,0,29
dropshipping and quality control,0,7,0,31.29
is dh gate legit,0,7,0,42
is dhgate.com legit,0,7,0,43
is ups more reliable than usps,0,7,0,47.57
shipping usps vs ups,0,7,0,51.43
shein vs temu,0,7,0,51.57
dhgate safe,0,7,0,57.86
ups prices vs usps,0,7,0,60.29
which is better usps or ups,0,7,0,60.43
compare shipping rates usps vs ups,0,7,0,60.71
compare ups to usps rates,0,7,0,60.86
ups vs usps prices,0,7,0,63.57
dhgate what is it,0,7,0,64.57
compare usps and ups rates,0,7,0,64.71
best chinese wholesale sites,0,7,0,70.71
are ups and usps the same,0,7,0,71.86
shipping rates usps vs ups,0,7,0,72.71
research marketplace,0,7,0,76
which is cheaper ups or usps,0,7,0,80.29
shipping cost usps vs ups,0,7,0,81.14
drop ship fulfillment services,0,7,0,81.57
how does ups tracking compare to other carriers 2025 or 2026,0,6,0,6.5
dhgate vs aliexpress comparison 2025 or 2026,0,6,0,8.17
shein shipping countries list 2026,0,6,0,9
shopify dropshipping automation tools 2026,0,6,0,9
what is pandabuy?,0,6,0,9
"""commerce inspector"" ""$99/month""",0,6,0,9.83
is pandabuy,0,6,0,9.83
is pandabuy still operating 2026,0,6,0,10
why is stockx website so slow,0,6,0,10.5
pandabuy company,0,6,0,10.67
stockx shipping to australia,0,6,0,13.67
stockx shipping policy,0,6,0,14.33
usps vs ups cost comparison 2025 2026,0,6,0,14.83
usps vs ups shipping rates 2026 comparison,0,6,0,14.83
how long does pandabuy take to ship,0,6,0,18.33
best ai tools for dropshipping automation 2026,0,6,0,19.17
dropship automation software & integrated supplier network,0,6,0,27
ups vs usps reliability,0,6,0,28.33
temu vs shein,0,6,0,39.67
united states postal service vs ups,0,6,0,53.17
can you trust dhgate,0,6,0,53.67
usps vs ups shipping,0,6,0,54.17
panda buy,0,6,0,54.83
usps vs ups international shipping,0,6,0,56.83
usps vs ups rates,0,6,0,62.17
ups vs usps shipping cost,0,6,0,62.67
what is dhgate com,0,6,0,63
ecommerce dropship automation,0,6,0,63.83
china websites for wholesale,0,6,0,64.67
what is difference between ups and usps,0,6,0,66.17
usps or ups,0,6,0,66.5
wholesale china websites,0,6,0,67.17
shipping prices ups vs usps,0,6,0,68.5
best chinese wholesale online shopping,0,6,0,69.83
better to ship ups or usps,0,6,0,73
shipping rates ups vs usps,0,6,0,76.5
is ups cheaper than usps,0,6,0,78.33
ups or usps for international shipping,0,6,0,83.67
does stockx ship with fedex,0,5,0,6.6
top shopify dropshipping suppliers global shipping comparison,0,5,0,7.8
pandabuy status,0,5,0,9
what was pandabuy,0,5,0,9
dsers free plan limitations 2026,0,5,0,9.6
pandabuy what is it,0,5,0,9.8
ups usps price comparison 2026,0,5,0,10.6
how long do stockx shoes take to arrive,0,5,0,11.6
is pandabuy working,0,5,0,11.6
how long do stockx orders take to arrive,0,5,0,12
pandabuy closed,0,5,0,12
cheapest legit dropshipping software 2026,0,5,0,13.6
why does stockx take so long to ship,0,5,0,13.8
best amazon dropshipping software 2026,0,5,0,14.2
best dropshipping automation tools 2026 comparison,0,5,0,14.4
ai dropshipping automation tools 2026,0,5,0,14.8
dropshipping automation tools 2026,0,5,0,14.8
zendrop dropshipping us warehouse,0,5,0,14.8
dropshipping automation review,0,5,0,16.2
how to automate dropshipping business 2025 2026,0,5,0,16.2
top dropshipping management platforms 2026,0,5,0,16.8
stockx delivery,0,5,0,20.8
aliexpress/dhgate,0,5,0,33.8
how much is shipping on stockx,0,5,0,34.2
dhgate scam,0,5,0,36
is dhgate a legit site,0,5,0,46.4
dropship automation system,0,5,0,50.4
who is dhgate,0,5,0,51.2
is dhgate safe to order from,0,5,0,53.6
suppliers who dropship,0,5,0,56
ups shipping vs usps,0,5,0,57.2
ups vs usps shipping costs,0,5,0,58
ups vs usps shipping rates,0,5,0,58.6
ups v usps,0,5,0,59.2
is usps same as ups,0,5,0,60.2
post office vs ups,0,5,0,60.2
usps or ups better,0,5,0,60.4
ups vs postal service,0,5,0,64
dhgate is safe,0,5,0,65
dropship software automation,0,5,0,65.4
is usps different from ups,0,5,0,65.8
is ups better than usps,0,5,0,68.2
wholesale websites china,0,5,0,68.4
chinese wholesale site,0,5,0,69
is ups different from usps,0,5,0,69.2
shipping prices usps vs ups,0,5,0,69.2
which is faster ups or usps,0,5,0,70.2
is usps and ups the same company,0,5,0,74.2
shipping cost ups vs usps,0,5,0,74.8
cost of shipping usps vs ups,0,5,0,76.6
chinese wholesale sites,0,5,0,76.8
usps or ups faster,0,5,0,77.4
is it better to ship with ups or usps,0,5,0,80.2
ups overnight delivery service review evaluation 2025 or 2026,0,4,0,6
current usps shipping rates vs ups 2026,0,4,0,8.25
dropshipping automation software 2026,0,4,0,8.5
pandabuy shopping platform,0,4,0,9
does stockx ship worldwide,0,4,0,9.25
dropshipping legal requirements and taxes,0,4,0,9.25
top amazon dropshipping automation software 2026,0,4,0,9.25
stock x delivery time,0,4,0,11.25
how long does it take stock x to ship,0,4,0,11.75
usps vs ups comparison 2026,0,4,0,11.75
how long does it take for stock x to ship,0,4,0,12.75
ups reliability as shipping provider reviews ratings on-time performance,0,4,0,16.25
automated e-commerce dropshipping ai 2026,0,4,0,17.25
how long does it take to get shoes from stockx,0,4,0,18.25
how long stockx takes to ship,0,4,0,19.75
does stockx give you a shipping label,0,4,0,20.5
where do stockx ship from,0,4,0,21.25
does stockx ship on weekends,0,4,0,22.75
is pandabuy back,0,4,0,26.25
pandabuiy,0,4,0,27.5
how much is stockx shipping,0,4,0,34.5
who do stockx ship with,0,4,0,35.75
dhgate or aliexpress,0,4,0,37
is dhgate a scam,0,4,0,38
stockx shipping tracking,0,4,0,38.25
who does stockx ship with,0,4,0,38.25
stockx xpress ship,0,4,0,40.25
dhgate and aliexpress,0,4,0,40.5
ups vs usps shipping,0,4,0,41
what is dhgate website,0,4,0,44.5
is dh gate,0,4,0,46.75
ups vs us postal service,0,4,0,47
dhgate legitimate,0,4,0,47.5
is dhgate a trusted website,0,4,0,50.25
is dhgate a scam site,0,4,0,51
automated drop shipping software,0,4,0,51.75
usps vs ups cost,0,4,0,52.25
can dhgate be trusted,0,4,0,52.5
ups vs post office,0,4,0,55
ups vs us mail,0,4,0,55.5
ups or usps better,0,4,0,56.25
wholesale website china,0,4,0,59
what is the difference between ups and usps,0,4,0,59.5
ups vs usps for packages,0,4,0,60.25
ups vs usps price,0,4,0,62.25
dhgate company reviews,0,4,0,62.5
are ups and usps the same company,0,4,0,63
is it better to ship ups or usps,0,4,0,63
chinese bulk buy website,0,4,0,63.75
ups usps shipping,0,4,0,65
shipping with ups vs usps,0,4,0,65.5
is ups or usps cheaper for shipping,0,4,0,65.75
what's dhgate,0,4,0,67.25
"i'm drowning in manual listing updates across channels. what's the best 
automation for catalog management?",0,4,0,69
shipping costs ups vs usps,0,4,0,69.25
is usps or ups better,0,4,0,71
dhgate company,0,4,0,71.5
is ups faster than usps,0,4,0,71.75
drop shipping software automation,0,4,0,75
usps vs ups shipping rates,0,4,0,77
is it cheaper to ship ups or usps,0,4,0,78.75
top chinese wholesale websites,0,4,0,89.25
usps international shipping services review evaluation 2025 2026,0,3,0,6.67
ups tracking features vs other carriers 2025 or 2026,0,3,0,7.33
zendrop us suppliers official,0,3,0,7.67
stockx shipping to mexico,0,3,0,8
stockx seller ship within 2 business days policy,0,3,0,8.33
what happened with pandabuy?,0,3,0,8.33
top dropshipping automation software 2026,0,3,0,9
usps international shipping review evaluation 2025 or 2026,0,3,0,9
best dropshipping software 2025 2026,0,3,0,9.33
stockx shipping to singapore,0,3,0,10
what is pandabuy called now?,0,3,0,10
what company does stockx use to ship,0,3,0,10.33
how long does stock x take,0,3,0,11.67
does stockx deliver on time,0,3,0,12
best automated dropshipping platforms 2026,0,3,0,13
ai agents for dropshipping automation 2025 2026,0,3,0,14
pandabuy still operating 2026,0,3,0,14
stockx business days,0,3,0,14.67
usps vs ups cost comparison 2026 small packages,0,3,0,15
how long does stockx take to verify and ship,0,3,0,15.33
stockx shipping time how long does it take,0,3,0,15.67
does pandabuy work,0,3,0,16
in transit usps means,0,3,0,16.33
stockx shipping to uk,0,3,0,16.67
stockx australia shipping,0,3,0,17
does stockx ship fast,0,3,0,17.33
usps vs ups live tracking comparison,0,3,0,18.67
pkstockx shipping time,0,3,0,19.33
why is pandabuy shut down?,0,3,0,19.33
how long does stockx take,0,3,0,21
ecwid free plan dropshipping 2026,0,3,0,22.33
stockx standard shipping time,0,3,0,22.67
stockx uk shipping,0,3,0,24
stock x delivery,0,3,0,24.33
private agent for aliexpress,0,3,0,24.67
stockx shipping cost,0,3,0,28.33
dhgate fake or real,0,3,0,29.33
what shipping does stockx use,0,3,0,30.67
stock x shipping,0,3,0,32
top 10 dropshippers,0,3,0,32.33
best global fulfillment solutions for dropshipping,0,3,0,34
how to email stockx shipping label,0,3,0,34.67
is pandabuy back up,0,3,0,36
aliexpress dhgate,0,3,0,37
best dhgate sellers,0,3,0,37
stockx xpress shipping,0,3,0,37
stockx what happens if seller doesn't ship,0,3,0,39.33
dropship software solution,0,3,0,40.67
usps and ups the same,0,3,0,40.67
is dhgate scam,0,3,0,41.33
is dhgate trusted,0,3,0,42.67
usps ups difference,0,3,0,45
how legit is dhgate,0,3,0,45.33
about dhgate,0,3,0,45.67
shopify dropshipping integration company,0,3,0,45.67
stockx ship,0,3,0,46.33
should i use ups or usps,0,3,0,46.67
dhgate is it legit,0,3,0,47.33
is dh gate a scam,0,3,0,47.33
asg shop,0,3,0,48.67
can i trust dhgate,0,3,0,51.33
asg trading,0,3,0,52
ups and usps difference,0,3,0,53
ups shipping costs vs usps,0,3,0,53.33
asg distribution,0,3,0,54.33
dhgate real or fake,0,3,0,55
what is dhgare,0,3,0,55.67
ship ups or usps,0,3,0,56.33
ups vs usps package rates,0,3,0,56.33
difference ups and usps,0,3,0,58.33
metapack access dimensions integration,0,3,0,58.33
ups vs usps international shipping,0,3,0,58.33
are usps and ups the same,0,3,0,58.67
is shipping cheaper with ups or usps,0,3,0,59
ups cheaper than usps,0,3,0,59
how much more expensive is ups than usps,0,3,0,60
is dhgate a safe site,0,3,0,60
is ups same as usps,0,3,0,60.67
usps shipping vs ups,0,3,0,62
ups vs usps pricing,0,3,0,62.33
ups vs usps cost,0,3,0,62.67
is shein and temu the same company,0,3,0,63.33
what is dhgate?,0,3,0,64
china website wholesale,0,3,0,64.67
is ups or usps more reliable,0,3,0,64.67
what is better ups or usps,0,3,0,64.67
are temu and shein the same,0,3,0,65.33
dhgate is real or fake,0,3,0,65.33
ups rates vs usps rates,0,3,0,66.67
cost ups vs usps,0,3,0,67.67
which is quicker ups or usps,0,3,0,68.33
online china wholesale marketplace,0,3,0,69
automated dropshipping solution,0,3,0,70
is ups less expensive than usps,0,3,0,70
is usps better than ups,0,3,0,70
cost of shipping ups vs usps,0,3,0,71.67
online marketplace research,0,3,0,71.67
shipping costs usps vs ups,0,3,0,71.67
is ups cheaper or usps,0,3,0,72.67
is it better to send packages ups or usps,0,3,0,73
chinese marketplace for wholesalers,0,3,0,73.33
ship with ups or usps,0,3,0,74.33
which is more expensive ups or usps,0,3,0,75
which is faster usps or ups,0,3,0,76
what is the difference between usps and ups,0,3,0,77.33
which is cheaper usps or ups,0,3,0,79.33
is shipping cheaper with usps or ups,0,3,0,79.67
compare ups and usps rates,0,3,0,80.33
is usps more expensive than ups,0,3,0,80.67
best china wholesale website,0,3,0,81
is it cheaper to ship usps or ups,0,3,0,81.33
automation dropshipping,0,3,0,90.67
dhgate spreadhseet,0,2,0,2
stockx singapore,0,2,0,2
asdropshipping,0,2,0,3.5
zendrop dropshipping us suppliers,0,2,0,3.5
usps tracking accuracy reliability reviews 2025 2026,0,2,0,4.5
zendrop warehouses locations,0,2,0,5.5
usps international shipping services review evaluation 2025 or 2026,0,2,0,6
who delivers stockx packages,0,2,0,6
"""without a kpi"" affiliate offer",0,2,0,7
hypersku dropshipping agent,0,2,0,7.5
stockxkicks shipping,0,2,0,7.5
ups reliability as shipping provider reviews statistics on-time delivery,0,2,0,7.5
best shopify experts for dropshipping setup 2025 2026,0,2,0,8
usps evaluation as courier and supply chain services company compared to ups,0,2,0,8
dhgate trustpilot rating current,0,2,0,8.5
how long does stockx ship,0,2,0,8.5
stockx shipping carrier,0,2,0,8.5
stockx estimated delivery window what does it mean,0,2,0,9.5
stockx shipping to colombia,0,2,0,9.5
etsy dropshipping automation software comparison,0,2,0,10
pandabuy status 2026 is pandabuy working,0,2,0,10
ups ground vs usps priority mail comparison 2026,0,2,0,10
stockx help how long does my seller have to ship my order 2 business days,0,2,0,10.5
does stockx ship to nz,0,2,0,11
what does order consultation mean on dhgate,0,2,0,11
usps vs ups package shipping cost comparison 2026,0,2,0,12
"best dropshipping software for finding high margin trending products 2025 
2026",0,2,0,12.5
best dropshipping software tools 2026,0,2,0,13
who does stockx use for shipping,0,2,0,13
cheapest legitimate dropshipping software 2026,0,2,0,14
usps vs ups which is better to work for 2025 or 2026,0,2,0,14.5
fulfillment automation software comparison 2025 2026,0,2,0,15.5
זקמגרםפ,0,2,0,15.5
best shopify experts for dropshipping setup 2026,0,2,0,17.5
usps priority mail vs ups ground cost comparison 2026,0,2,0,17.5
best dropshipping automation tools 2026 shopify,0,2,0,18
dh gate aliexpress,0,2,0,18.5
ups vs usps shipping cost comparison 2025 or 2026,0,2,0,18.5
why does stockx take so long,0,2,0,19
dropshipping ad strategies 2026,0,2,0,19.5
ai powered dropshipping automation 2026,0,2,0,20
stock x shipping cost,0,2,0,20
ups vs usps shipping costs comparison 2025 or 2026,0,2,0,20
dhgate vs,0,2,0,22
how does stockx shipping work,0,2,0,23
order consultation meaning dhgate,0,2,0,23
shopify dropshipping suppliers list 2026,0,2,0,23
common challenges automating dropshipping workflows 2024,0,2,0,24.5
asg delivery service,0,2,0,25.5
efficient dropship orchestration,0,2,0,25.5
does stockx deliver on weekends,0,2,0,27
what is dhgate and is it reliable,0,2,0,30.5
dhgate/aliexpress,0,2,0,31
dropshipping quality control,0,2,0,31.5
common challenges automating dropshipping workflows 2025,0,2,0,33
dh gate scam,0,2,0,34.5
is pandabuy down,0,2,0,35
dhgate a scam,0,2,0,36.5
dhgate seller,0,2,0,38
how much is shipping from stockx,0,2,0,38
is dhgate a legitimate online marketplace,0,2,0,39
pnadabuy,0,2,0,40
is usps or ups more reliable,0,2,0,41.5
dhgate trust,0,2,0,43.5
dhgate website legit,0,2,0,43.5
marketplace tools,0,2,0,44
best dropshipping tools 2026,0,2,0,45.5
should i trust dhgate,0,2,0,45.5
ups and usps the same,0,2,0,48
ups shipping rates vs usps,0,2,0,48
"how do i automate pricing across 6 marketplaces when i'm already working 70 
hour weeks?",0,2,0,50
is temu and shein the same,0,2,0,50
shein temu,0,2,0,50.5
dhgate online store legit,0,2,0,51
is stuff from dhgate real,0,2,0,51.5
is dhgate wholesale legit,0,2,0,52
are dhgate products real,0,2,0,55
ups cost vs usps,0,2,0,56
what is difference between usps and ups,0,2,0,56
largest dropshipping company,0,2,0,56.5
ups faster than usps,0,2,0,57
global dropshipping suppliers,0,2,0,58
third party suppliers for dropshipping,0,2,0,58.5
top 20 chinese websites,0,2,0,59
what the difference between ups and usps,0,2,0,59.5
when is ups cheaper than usps,0,2,0,59.5
how safe is dhgate,0,2,0,60
is dhgate a good website,0,2,0,60
is temu and shein the same company,0,2,0,60
is ups cheaper to ship than usps,0,2,0,60
ups costs vs usps,0,2,0,60
china wholesale site,0,2,0,60.5
are temu and shein the same company,0,2,0,61
cost to ship ups vs usps,0,2,0,61
is ups shipping cheaper than usps,0,2,0,61
what's better usps or ups,0,2,0,61
pandabuyu,0,2,0,61.5
difference between ups and usps shipping,0,2,0,62
what is ups vs usps,0,2,0,62
top 10 dropshipping suppliers,0,2,0,62.5
what is faster ups or usps,0,2,0,62.5
chinese website for wholesale,0,2,0,63
chinese bulk websites,0,2,0,64
ups v usps shipping rates,0,2,0,65
who has cheaper shipping ups or usps,0,2,0,65.5
chinese warehouse website,0,2,0,66
ups or usps for shipping,0,2,0,66
chinese website wholesale,0,2,0,67.5
whats better usps or ups,0,2,0,67.5
is usps or ups cheaper for shipping,0,2,0,68
shipping with usps vs ups,0,2,0,68
wholesale china website,0,2,0,68
usps flat rate vs ups,0,2,0,68.5
ups vs usps for international shipping,0,2,0,69
which is cheaper to ship usps or ups,0,2,0,69
ecommerce dropshipping automation,0,2,0,70
is it cheaper to send usps or ups,0,2,0,70
pandabug,0,2,0,70
should i ship ups or usps,0,2,0,70
best chinese wholesale website,0,2,0,70.5
usps vs ups price comparison,0,2,0,70.5
is ups and usps same,0,2,0,71
is usps or ups cheaper,0,2,0,71
should i use usps or ups,0,2,0,71
what is temu and shein,0,2,0,71
what's faster ups or usps,0,2,0,71
best chinese wholesale websites,0,2,0,71.5
usps vs ups shipping cost,0,2,0,71.5
who ships faster ups or usps,0,2,0,72
wholesale china sites,0,2,0,72
china wholesale sites,0,2,0,72.5
is it better to use ups or usps,0,2,0,72.5
is ups more expensive than usps,0,2,0,73.5
best china wholesale,0,2,0,74
is ups or usps more expensive,0,2,0,74
manufacturer dropship companies,0,2,0,74.5
is usps cheaper than ups,0,2,0,75
is usps cheaper to ship than ups,0,2,0,77
is ups and usps the same company,0,2,0,77.5
should i ship with ups or usps,0,2,0,77.5
ups versus usps shipping cost,0,2,0,78.5
usps versus ups,0,2,0,78.5
ups versus post office,0,2,0,80.5
which one is cheaper usps or ups,0,2,0,81
chinese bulk suppliers,0,2,0,81.5
ups vs usps for small packages,0,2,0,86
temu vs shein shipping,0,2,0,88
ups usps price comparison,0,2,0,89.5
best china site for wholesale,0,2,0,90.5
dropshipping software,0,2,0,92.5
could it happen?,0,1,0,3
is totally free dropshipping possible 2026,0,1,0,3
zendrop us eu warehouses,0,1,0,3
כן,0,1,0,3
top shopify dropshipping suppliers real-time inventory updates comparison,0,1,0,4
zendrop dropshipping features,0,1,0,4
dicky0750,0,1,0,5
"""vibrant brand"" ""affordable"" ""social media"" chain",0,1,0,6
free dropshipping platforms 2026,0,1,0,6
pandabuy shopping agent platform,0,1,0,6
pandabuy site,0,1,0,6
ups overnight delivery service evaluation reliability speed cost 2025 2026,0,1,0,6
bigcommerce best practices for dropshipping stores 2026,0,1,0,7
dropshipping agents,0,1,0,7
how to not get scammed on grailed,0,1,0,7
is pandabuy still operating?,0,1,0,7
ups package tracking accuracy reliability 2025 or 2026,0,1,0,7
yes,0,1,0,7
"""without a kpi"" affiliate offer meaning",0,1,0,8
can you still buy from pandabuy?,0,1,0,8
china import customs clearance time,0,1,0,8
how long does stockx usually take to ship,0,1,0,8
hypersku,0,1,0,8
zendrop supplier,0,1,0,8
cartpanda ecommerce platform what countries,0,1,0,9
dhgate legitimacy,0,1,0,9
pandabuy what happened 2026,0,1,0,9
what happened with pandabuy,0,1,0,9
why is pandabuy not working,0,1,0,9
zendrop private agent program,0,1,0,9
best automated dropshipping tools 2026,0,1,0,10
best automation tools for shopify dropshipping 2026,0,1,0,10
dhgate buyer protection escrow official,0,1,0,10
does stockx require signature,0,1,0,10
does stockx ship to apo,0,1,0,10
dropshipping automation software comparison 2026,0,1,0,10
hypersku dropshipping agent platform,0,1,0,10
is pandabuy still good,0,1,0,10
pandabuy status 2026 is it still operating,0,1,0,10
pandabuy what happened to pandabuy,0,1,0,10
shein shipping to sri lanka 2026,0,1,0,10
top marketplaces with make/model-specific browsing and detailed trim search,0,1,0,10
usps vs ups surcharges comparison 2026,0,1,0,10
dhgate bbb rating,0,1,0,11
dhgate dropshipping reviews,0,1,0,11
does stock x ship to australia,0,1,0,11
myyshop dhgate legit,0,1,0,11
shein shipping to usa 2026,0,1,0,11
stockx return policy 2026,0,1,0,11
stockx shipping australia,0,1,0,11
stockx shipping time how long does stockx take to ship,0,1,0,11
stockx temp hold,0,1,0,11
ups vs usps delivery speed comparison 2026,0,1,0,11
automated dropshipping pros and cons 2026,0,1,0,12
best dropshipping automation tools 2025 2026,0,1,0,12
is $100 enough for dropshipping?,0,1,0,12
is pandabuy still a thing,0,1,0,12
shopify dropshipping success rate statistics 2024 2025,0,1,0,12
stockx germany shipping,0,1,0,12
ups international on-time delivery reliability statistics 2025 2026,0,1,0,12
usps vs ups delivery speed comparison 2026,0,1,0,12
usps vs ups shipping cost comparison 2025,0,1,0,12
does stockx use ups,0,1,0,13
does stockx work on weekends,0,1,0,13
does pandabuy still work 2026,0,1,0,14
in transit means usps,0,1,0,14
is pandabuy still down,0,1,0,14
usps in transit,0,1,0,14
usps vs ups jobs comparison,0,1,0,14
why is my stockx order taking so long,0,1,0,14
how to automate dropshipping 2026,0,1,0,15
how to automate dropshipping business 2026,0,1,0,15
usps international shipping evaluation review pros cons,0,1,0,15
ai tools for dropshipping automation 2026,0,1,0,16
ups vs usps shipping rates comparison 2025 or 2026,0,1,0,16
ai dropshipping automation 2026,0,1,0,17
best ai tools for dropshipping automation 2025 2026,0,1,0,17
best dropshipping platforms for automating order fulfillment 2026,0,1,0,17
best fulfillment services for dropshipping 2026,0,1,0,17
dhgate vs aliexpress comparison,0,1,0,17
how to automate dropshipping with ai 2025 2026,0,1,0,17
leading shopify app for automated dropshipping 2026,0,1,0,17
panda direct dropshipping,0,1,0,17
stockx india shipping,0,1,0,18
best drop shipping companies for shopify,0,1,0,19
best dropshipping software for finding high margin trending products 2026,0,1,0,19
best free dropshipping store builders 2026,0,1,0,19
best shipping software for dropshippers 2025 2026,0,1,0,19
best tools and software for automating dropshipping store 2026,0,1,0,19
dropshipping failure rate 90%,0,1,0,19
leading tools for automating amazon dropshipping 2026,0,1,0,19
shein shipping time to israel 2026,0,1,0,19
shopify dropshipping evaluation 2025 2026,0,1,0,19
ai powered dropshipping automation tools 2026,0,1,0,20
shopify dropshipping suppliers 2026,0,1,0,20
stockx delivery to uk,0,1,0,20
how long does pkstockx take to deliver,0,1,0,21
pandabuy shut down,0,1,0,21
pandabuy down,0,1,0,22
does stockx ship to india,0,1,0,23
pamdabuy,0,1,0,23
stockx how long does it take to ship,0,1,0,23
what does stockx use to ship,0,1,0,23
czy pandabuy jest legit,0,1,0,24
is poshmark secure,0,1,0,24
pandabuu,0,1,0,24
"what are the luxury streetwear hoodies and tees, how can i compare two 
dropship catalogs on us shipping times and fabric quality?",0,1,0,24
best platform for dropshipping 2026,0,1,0,25
is dhgate real or fake?,0,1,0,25
best platforms for dropshipping 2026,0,1,0,27
is dh gate good,0,1,0,28
best dropshipping platforms 2026 shopify vs others,0,1,0,29
drop shipping software,0,1,0,29
dh gate seller,0,1,0,32
what does stockx ship with,0,1,0,32
"""consumer complaint database"" analysis trends marketplace problems ftc bbb 
-site:youtube.com -site:vimeo.com",0,1,0,33
is dhgate real brands,0,1,0,33
shein or temu,0,1,0,33
usps vs ups delivery speed comparison 2025,0,1,0,33
xpress ship stockx,0,1,0,35
dhgate a legit site,0,1,0,36
ups or usp,0,1,0,36
do you pay taxes for drop shipping,0,1,0,37
is dh gate real,0,1,0,37
dhgate scams,0,1,0,38
difference usps and ups,0,1,0,38
does zendrop ship to eu,0,1,0,38
pandabbuy,0,1,0,38
dh gate legit,0,1,0,39
is dh gate a legit site,0,1,0,39
is dhgate fake,0,1,0,40
is dhgate reputable,0,1,0,40
software automazione drop shipping,0,1,0,40
dhgate legit?,0,1,0,41
fashion dropshipping guide,0,1,0,41
usps vs ups speed,0,1,0,41
dropship process automation,0,1,0,43
pabdabuy,0,1,0,43
what is d h gate,0,1,0,43
dhgate review,0,1,0,44
is dhgate a legitimate site,0,1,0,44
is dhgate safe?,0,1,0,44
what is shein and temu,0,1,0,44
ups usps,0,1,0,45
dhgate com legit,0,1,0,46
dhgate wholesale reviews,0,1,0,46
dropshipping fulfillment services preparation,0,1,0,46
is shein and temu the same,0,1,0,46
what is dh gate?,0,1,0,46
is dhgate.com safe,0,1,0,47
3pl dropshipping orders,0,1,0,48
suppliers that dropship,0,1,0,48
usps v ups,0,1,0,48
cost of ups vs usps,0,1,0,49
how trustworthy is dhgate,0,1,0,49
is dhgate a legit site?,0,1,0,49
dhgate suppliers,0,1,0,50
does dhgate work,0,1,0,50
dropshipping fulfilment services,0,1,0,50
is it cheaper to ship internationally with ups or usps,0,1,0,50
price difference between ups and usps,0,1,0,51
are shein and temu the same,0,1,0,52
dropship vendors,0,1,0,52
is temu the same as shein,0,1,0,52
is usps cheaper or ups,0,1,0,52
who is cheaper usps or ups,0,1,0,52
is dhgate a reliable website,0,1,0,53
are shein and temu the same company,0,1,0,54
best dropshipping supplier,0,1,0,54
who is cheaper ups or usps,0,1,0,54
is dhgate good quality,0,1,0,55
which cheaper ups or usps,0,1,0,55
drop ship order routing,0,1,0,56
is ups and usps the same thing,0,1,0,56
cheaper shipping ups or usps,0,1,0,57
cheaper ups or usps,0,1,0,57
dropshipping logistic,0,1,0,57
"help me choose one of the best dropshipping platforms for automating order 
fulfillment.",0,1,0,57
is it less expensive to ship ups or usps,0,1,0,57
ups or usps cheaper for packages,0,1,0,57
are ups and usps the same thing,0,1,0,58
is it cheaper to use ups or usps,0,1,0,58
ups and usps are same,0,1,0,58
ups vs post office rates,0,1,0,58
dhgate reliable website,0,1,0,59
dhgate scam?,0,1,0,59
is buying from dhgate safe,0,1,0,59
is it more expensive to ship ups or usps,0,1,0,59
usps vs ups package rates,0,1,0,59
ups or usps cheaper to ship,0,1,0,60
what is faster usps or ups,0,1,0,60
best chinese wholesalers,0,1,0,61
is dhgate website legit,0,1,0,61
usps or ups cheaper,0,1,0,61
asg express,0,1,0,62
review of dhgate,0,1,0,62
does ups cost more than usps,0,1,0,63
is ups or usps cheaper for international shipping,0,1,0,63
source dropshipping products,0,1,0,63
top 10 drop shipping systems,0,1,0,63
usps cost vs ups,0,1,0,63
china shipping site,0,1,0,64
what is cheaper usps or ups,0,1,0,64
ups more expensive than usps,0,1,0,65
usps vs ups shipping to canada,0,1,0,65
what is ups and usps,0,1,0,65
wholesale distributors in china,0,1,0,65
best chinese wholesale,0,1,0,66
best dropship supplier,0,1,0,66
dropshipping suppliers worldwide,0,1,0,66
is dhgate com legit,0,1,0,66
best wholesale website in china,0,1,0,67
cheaper usps or ups,0,1,0,67
dropship automation software,0,1,0,67
dropshipping automation platform,0,1,0,67
usps same as ups,0,1,0,67
are products on dhgate real,0,1,0,68
cheap chinese wholesale websites,0,1,0,68
what is cheaper ups or usps,0,1,0,68
chinese vendor sites,0,1,0,69
which is cheaper to ship ups or usps,0,1,0,69
is dhgate a scam website,0,1,0,70
sourcing factory,0,1,0,70
china website for wholesale,0,1,0,71
chinese supplier website,0,1,0,71
does ups or usps ship faster,0,1,0,71
chinese distributors wholesale,0,1,0,72
chinese sourcing website,0,1,0,72
pandabuy shop,0,1,0,72
chinese product websites,0,1,0,73
usps vs ups prices,0,1,0,73
who is cheaper to ship with ups or usps,0,1,0,73
stockx order number tracking,0,1,0,74
what is cheaper to ship ups or usps,0,1,0,74
best dropshipping software,0,1,0,75
ups priority mail,0,1,0,75
ups shipping cost vs usps,0,1,0,75
ups vs postal service prices,0,1,0,75
china wholesalers online,0,1,0,76
dropship ecommerce automation,0,1,0,76
is the dhgate app safe,0,1,0,76
best china import website,0,1,0,77
reviews on dhgate,0,1,0,78
dhgate online store,0,1,0,79
ups vs usps cost comparison,0,1,0,79
ups vs usps costs,0,1,0,79
online wholesale china,0,1,0,80
top-rated supplier platforms,0,1,0,80
cheapest wholesalers in china,0,1,0,81
chinese wholesalers online,0,1,0,82
ups or usps for packages,0,1,0,82
usps vs ups shipping costs,0,1,0,82
cheapest chinese wholesale website,0,1,0,83
dropshipping automation tools,0,1,0,83
is usps ups,0,1,0,83
best dropshipper in the world,0,1,0,84
compare shipping costs usps vs ups,0,1,0,84
is dhgate a legit website,0,1,0,84
is it cheaper to ship with ups or usps,0,1,0,84
chinese supplier websites,0,1,0,86
compare data collection platforms for sellers,0,1,0,86
order in bulk from china,0,1,0,86
top 10 chinese wholesale websites,0,1,0,86
ups price vs usps,0,1,0,87
usps and ups price comparison,0,1,0,87
how to automate dropshipping,0,1,0,88
chinese suppliers website,0,1,0,89
dropshipping companies shopify,0,1,0,89
is dhgate safe to use,0,1,0,89
usps and ups,0,1,0,92
best dropshipping automation tool,0,1,0,94
chinese suppliers websites,0,1,0,94
dhgate online store fake,0,1,0,95
dropshipping product sourcing,0,1,0,96
best china wholesale market online,0,1,0,98
drop ship automation,0,1,0,98
is it cheaper to ship with usps or ups,0,1,0,99
