国家/地区,点击次数,展示,点击率,排名
土耳其,57,315,0.18100000000000002,8.56
美国,22,27826,0.0008,14.56
埃及,14,101,0.1386,11.97
印度,8,663,0.0121,13.33
法国,7,542,0.0129,8.62
中国,7,251,0.0279,8.34
加拿大,6,2195,0.0027,13.44
意大利,5,332,0.0151,9.9
新加坡,5,253,0.019799999999999998,9.03
巴基斯坦,5,121,0.041299999999999996,18.02
伊拉克,5,81,0.0617,12
德国,3,715,0.0042,9.56
中国香港,3,168,0.0179,8.67
瑞典,3,161,0.018600000000000002,12.91
立陶宛,3,58,0.051699999999999996,12.53
阿尔巴尼亚,3,44,0.0682,8.59
澳大利亚,2,1199,0.0017000000000000001,16.89
西班牙,2,523,0.0038,9.25
荷兰,2,483,0.0040999999999999995,12.31
印度尼西亚,2,237,0.0084,8.96
菲律宾,2,196,0.0102,14.65
阿拉伯联合酋长国,2,144,0.0139,9.85
丹麦,2,122,0.016399999999999998,12.04
希腊,2,114,0.0175,11.12
摩洛哥,2,71,0.0282,11.01
卡塔尔,2,38,0.0526,9.71
阿曼,2,16,0.125,10.81
英国,1,2644,0.0004,22.6
巴西,1,1250,0.0008,10.03
波兰,1,243,0.0040999999999999995,9.92
比利时,1,175,0.005699999999999999,10.91
新西兰,1,170,0.0059,13.65
日本,1,168,0.006,9.45
马来西亚,1,135,0.0074,8.55
南非,1,123,0.008100000000000001,30.03
孟加拉,1,121,0.0083,10.47
葡萄牙,1,120,0.0083,9.41
罗马尼亚,1,116,0.0086,11.64
挪威,1,113,0.0088,12.04
奥地利,1,109,0.0092,9.91
沙特阿拉伯,1,89,0.011200000000000002,10.33
芬兰,1,71,0.0141,10.9
台湾,1,65,0.0154,8.02
约旦,1,41,0.024399999999999998,11.49
尼日利亚,1,38,0.0263,9.45
突尼斯,1,35,0.0286,10.17
塞浦路斯,1,32,0.031200000000000002,9.66
黎巴嫩,1,21,0.047599999999999996,11.05
叙利亚,1,7,0.1429,8
吉尔吉斯斯坦,1,6,0.16670000000000001,8.17
马尔代夫,1,6,0.16670000000000001,9.67
墨西哥,0,429,0,11.18
越南,0,351,0,12.31
阿根廷,0,256,0,9.38
哥伦比亚,0,205,0,9.22
以色列,0,202,0,11.77
瑞士,0,178,0,11.12
爱尔兰,0,167,0,16.14
乌克兰,0,149,0,8.21
韩国,0,129,0,9.77
泰国,0,123,0,8.04
俄罗斯,0,123,0,15.28
秘鲁,0,118,0,9.62
厄瓜多尔,0,107,0,9.24
智利,0,92,0,10.88
塞尔维亚,0,91,0,9.97
匈牙利,0,87,0,13.14
伊朗,0,86,0,8.79
保加利亚,0,76,0,11.64
捷克,0,74,0,11.09
多米尼加共和国,0,62,0,9.32
克罗地亚,0,58,0,10.14
斯洛伐克,0,56,0,10.7
阿尔及利亚,0,53,0,12.77
拉脱维亚,0,52,0,12.92
格鲁吉亚,0,50,0,8.7
爱沙尼亚,0,48,0,13.17
委内瑞拉,0,47,0,10.62
巴拉圭,0,44,0,10.77
特立尼达和多巴哥,0,44,0,11.82
哈萨克斯坦,0,43,0,8.33
乌拉圭,0,42,0,9.26
牙买加,0,36,0,10.58
巴林,0,34,0,9.68
摩尔多瓦,0,34,0,10.91
波斯尼亚和黑塞哥维那,0,31,0,7.97
尼泊尔,0,31,0,10.42
波多黎各,0,30,0,8.5
巴拿马,0,29,0,10.93
马耳他,0,26,0,9.46
科威特,0,26,0,10.31
斯洛文尼亚,0,26,0,13.46
哥斯达黎加,0,25,0,9.76
冰岛,0,25,0,11.4
玻利维亚,0,25,0,13.56
洪都拉斯,0,24,0,9
白俄罗斯,0,23,0,7.09
阿塞拜疆,0,23,0,10.48
马其顿,0,22,0,12
肯尼亚,0,22,0,13.18
卢森堡,0,22,0,19.14
加纳,0,21,0,9.81
巴巴多斯,0,19,0,9.84
格林纳达,0,18,0,8.72
巴哈马,0,17,0,9.71
乌兹别克斯坦,0,17,0,10.29
柬埔寨,0,17,0,10.82
亚美尼亚,0,16,0,9.88
埃塞俄比亚,0,16,0,11.62
蒙古,0,16,0,12.62
斯里兰卡,0,15,0,11.13
危地马拉,0,14,0,7.57
关岛,0,14,0,9.71
巴勒斯坦,0,13,0,8.62
塞内加尔,0,12,0,7.92
圣卢西亚,0,12,0,8.58
圭亚那,0,11,0,9.82
科特迪瓦,0,11,0,11.18
古巴,0,10,0,7
塞舌尔,0,10,0,9.2
萨尔瓦多,0,10,0,9.5
科索沃,0,9,0,6.78
安哥拉,0,9,0,14.44
开曼群岛,0,8,0,8.88
伯利兹,0,8,0,9.62
美属维尔京群岛,0,8,0,10
澳门,0,7,0,7.14
尼加拉瓜,0,7,0,9
坦桑尼亚,0,7,0,26.29
卢旺达,0,6,0,6.67
泽西岛,0,6,0,7
喀麦隆,0,6,0,9.33
百慕大,0,6,0,9.5
文莱,0,6,0,10.33
安提瓜和巴布达,0,5,0,7.8
圣基茨和尼维斯,0,5,0,8.8
毛里求斯,0,5,0,9.4
老挝,0,5,0,12
英属维尔京群岛,0,5,0,12.2
乌干达,0,5,0,17.8
津巴布韦,0,4,0,6.75
未知地区,0,4,0,7
缅甸,0,4,0,7.5
不丹,0,4,0,8.75
利比里亚,0,4,0,10
也门,0,4,0,10
黑山,0,4,0,10.5
利比亚,0,3,0,3
塔吉克斯坦,0,3,0,6.33
刚果 - 金沙萨,0,3,0,7
佛得角,0,3,0,7
布基纳法索,0,3,0,7.33
库拉索,0,3,0,8.33
多米尼加,0,3,0,9.67
阿富汗,0,3,0,10
博茨瓦纳,0,3,0,11.67
刚果 - 布拉柴维尔,0,3,0,12.67
赞比亚,0,3,0,12.67
海地,0,2,0,4.5
阿鲁巴,0,2,0,6
直布罗陀,0,2,0,6
奥兰群岛,0,2,0,8
马里,0,2,0,8
吉布提,0,2,0,9
瓜德罗普,0,2,0,9
斐济,0,2,0,10
基里巴斯,0,2,0,10
纳米比亚,0,2,0,13
新喀里多尼亚,0,2,0,13
索马里,0,1,0,2
密克罗尼西亚,0,1,0,4
特克斯和凯科斯群岛,0,1,0,4
厄立特里亚,0,1,0,5
马提尼克,0,1,0,5
几内亚,0,1,0,8
赤道几内亚,0,1,0,8
法属圭亚那,0,1,0,8
马约特岛,0,1,0,8
安道尔,0,1,0,9
留尼汪岛,0,1,0,9
苏里南,0,1,0,9
美属萨摩亚,0,1,0,10
摩纳哥,0,1,0,10
毛里塔尼亚,0,1,0,10
尼日尔,0,1,0,10
斯威士兰,0,1,0,10
萨摩亚,0,1,0,10
曼岛,0,1,0,11
塞拉利昂,0,1,0,11
莱索托,0,1,0,12
土库曼斯坦,0,1,0,12
贝宁,0,1,0,13
巴布亚新几内亚,0,1,0,13
荷属圣马丁岛,0,1,0,17
多哥,0,1,0,31
西撒哈拉,0,1,0,44
