排名靠前的网页,点击次数,展示,点击率,排名
https://asgdropshipping.com/,164,697,0.2353,3.95
https://asgdropshipping.com/how-long-does-stockx-take-to-ship/,13,21925,0.0006,9.13
https://asgdropshipping.com/products/,5,379,0.0132,1.8
https://asgdropshipping.com/dropshipping-automation-software/,4,3278,0.0012,29.86
https://asgdropshipping.com/best-dhgate-sellers-in-2024/,3,240,0.0125,11.05
https://asgdropshipping.com/dropshipping-service/,2,307,0.006500000000000001,2.07
https://asgdropshipping.com/the-top-10-dropshipping-suppliers-and-platforms/,2,166,0.012,29.6
https://asgdropshipping.com/usps-vs-ups/,1,8502,0.0001,17.39
https://asgdropshipping.com/what-happened-to-pandabuy-is-pandabuy-legit/,1,3042,0.0003,12.47
https://asgdropshipping.com/hypersku-vs-private-dropshipping-agent-which-is-better-in-2026/,1,510,0.002,7.34
https://asgdropshipping.com/affiliate-program/,1,286,0.0034999999999999996,1.6
https://asgdropshipping.com/about-us-2/,1,273,0.0037,4.71
https://asgdropshipping.com/from/,1,255,0.0039000000000000003,2.05
https://asgdropshipping.com/cj-dropshipping-vs-private-agent-which-one-is-right-for-your-stage/,1,227,0.0044,7.1
https://asgdropshipping.com/contact-us/,1,186,0.0054,5.14
https://asgdropshipping.com/category/janson/,1,66,0.0152,5.45
https://asgdropshipping.com/selection/,1,44,0.0227,5.59
https://asgdropshipping.com/where-can-when-should-i-seek-3pl-dropshipping/,1,18,0.0556,12.61
https://asgdropshipping.com/graphic-design/,1,9,0.11109999999999999,13
https://asgdropshipping.com/why-does-is-dhgate-legit/,0,2304,0,26.29
https://asgdropshipping.com/aliexpress-vs-dhgate-in-2025-a-detailed-comparison/,0,911,0,10.61
https://asgdropshipping.com/how-long-how-long-does-customs-clearance-take-from-china-to-the-usa-2/,0,638,0,7.43
https://asgdropshipping.com/how-to-marketplace-research-tool/,0,602,0,26.2
https://asgdropshipping.com/how-long-dropshipping-companies-shopify/,0,562,0,9.45
https://asgdropshipping.com/how-long-how-long-does-customs-clearance-take-from-china-to-the-usa/,0,452,0,6.23
https://asgdropshipping.com/top-20-premier-chinese-wholesale-websites-for-bulk-purchasing-from-china/,0,416,0,64.25
https://asgdropshipping.com/goat-order-shipping-time-a-complete-analysis-from-order-to-delivery/,0,344,0,9.79
https://asgdropshipping.com/what-happens-if-zendrop-dropshipping/,0,254,0,9.11
https://asgdropshipping.com/international-warehouse-shein-complete-2026-shipping-guide/,0,218,0,9
https://asgdropshipping.com/where-to-research-prodcuts-dropshipping-reddit/,0,212,0,7.07
https://asgdropshipping.com/what-does-in-transit-mean-in-usps/,0,203,0,9.22
https://asgdropshipping.com/how-does-it-work-bigcommerce-dropshipping/,0,191,0,5.59
https://asgdropshipping.com/why-does-es-is-poshmark-legit/,0,190,0,9.07
https://asgdropshipping.com/is-zendrop-a-reputable-dropshipping-supplier-or-do-you-need-a-private-agent/,0,186,0,8.96
https://asgdropshipping.com/what-is-advertising-dropshipping/,0,178,0,9.88
https://asgdropshipping.com/temu-vs-shein-is-temu-better-than-shein-asg-brings-in-depth-reviews/,0,155,0,27.86
https://asgdropshipping.com/shopify-dropshipping-suppliers-top-7-compared-for-speed-quality-and-scale/,0,133,0,9.44
https://asgdropshipping.com/how-to-find-winning-products/,0,126,0,11.24
https://asgdropshipping.com/sourcing-purchasing/,0,120,0,6.35
https://asgdropshipping.com/how-to-drop-shipping-fulfillment-services/,0,106,0,47.19
https://asgdropshipping.com/can-i-free-dropshipping-website-builder/,0,100,0,10.78
https://asgdropshipping.com/blog/,0,91,0,4.37
https://asgdropshipping.com/do-you-need-dropshipping-spy-tools/,0,86,0,9.3
https://asgdropshipping.com/what-happens-if-start-dropshipping-for-free/,0,85,0,7.86
https://asgdropshipping.com/how-to-temu-dropshipping-shopify/,0,78,0,10.21
https://asgdropshipping.com/quality-control/,0,70,0,11.63
https://asgdropshipping.com/extra-service/,0,58,0,4.6
https://asgdropshipping.com/product-development/,0,57,0,7.26
https://asgdropshipping.com/shipping-solution/,0,55,0,7.33
https://asgdropshipping.com/amazon-fba/,0,53,0,6.58
https://asgdropshipping.com/private-label/,0,51,0,6.55
https://asgdropshipping.com/why-90-of-dropshipping-sellers-fail-at-supply-chain/,0,41,0,13.59
https://asgdropshipping.com/do-you-need-best-dropshipping-app/,0,40,0,7.92
https://asgdropshipping.com/what-is-modern-dropship/,0,40,0,8.57
https://asgdropshipping.com/the-ultimate-guide-to-tiktok/,0,38,0,11.18
https://asgdropshipping.com/asg-factory-direct-dropshipping-guide-zero-capital-to-global-market/,0,37,0,5.41
https://asgdropshipping.com/our-blog/,0,35,0,7.17
https://asgdropshipping.com/where-to-best-ecommerce-platform-for-dropshipping/,0,35,0,23.31
https://asgdropshipping.com/payment-information/,0,30,0,6.37
https://asgdropshipping.com/how-to-dropshipping-fulfillment/,0,29,0,12.83
https://asgdropshipping.com/how-to-do-you-have-to-pay-taxes-on-dropshipping/,0,26,0,16.12
https://asgdropshipping.com/how-do-dropshipping-agents-handle-quality-control-the-6-step-answer/,0,25,0,7.08
https://asgdropshipping.com/how-to-scale-a-dropshipping-business-from-100-to-1000-orders-per-day/,0,23,0,5.22
https://asgdropshipping.com/switch-from-aliexpress-to-a-private-agent-at-30-daily-orders/,0,23,0,10.83
https://asgdropshipping.com/how-long-is-temu-safe/,0,20,0,5.1
https://asgdropshipping.com/how-long-does-stockx-take-to-ship/#elementor-toc__heading-anchor-0,0,20,0,9.55
https://asgdropshipping.com/how-long-does-stockx-take-to-ship/#elementor-toc__heading-anchor-7,0,19,0,9.42
https://asgdropshipping.com/how-long-do-dhl-deliver-on-a-sunday/,0,19,0,13.05
https://asgdropshipping.com/how-long-china-warehouse-faqs/,0,18,0,5.83
https://asgdropshipping.com/how-to-fob-meaning/,0,16,0,5.31
https://asgdropshipping.com/how-to-dropshipping-site-can-be-used-for-tiktok/,0,15,0,4.2
https://asgdropshipping.com/what-is-3pl-dropshipping/,0,15,0,8.2
https://asgdropshipping.com/how-long-does-stockx-take-to-ship/#elementor-toc__heading-anchor-2,0,14,0,9.57
https://asgdropshipping.com/how-to-dropshipping-clothing/,0,14,0,22.29
https://asgdropshipping.com/how-long-does-stockx-take-to-ship/#elementor-toc__heading-anchor-5,0,12,0,9.5
https://asgdropshipping.com/6-best-china-to-usa-shipping-lines-for-dropshipping-in-2026/,0,11,0,7.18
https://asgdropshipping.com/how-long-does-stockx-take-to-ship/#elementor-toc__heading-anchor-1,0,11,0,9.64
https://asgdropshipping.com/how-long-does-stockx-take-to-ship/#elementor-toc__heading-anchor-6,0,11,0,9.64
https://asgdropshipping.com/how-to-sourcing-request-on-cj-dropshipping/,0,9,0,7.22
https://asgdropshipping.com/how-long-does-stockx-take-to-ship/#elementor-toc__heading-anchor-15,0,8,0,10
https://asgdropshipping.com/how-to-connect-tiktok-shop-with-cj-dropshipping/,0,7,0,7.57
https://asgdropshipping.com/best-dhgate-sellers-in-2024/#elementor-toc__heading-anchor-13,0,5,0,4.8
https://asgdropshipping.com/best-dhgate-sellers-in-2024/#elementor-toc__heading-anchor-4,0,5,0,4.8
https://asgdropshipping.com/best-dhgate-sellers-in-2024/#elementor-toc__heading-anchor-9,0,5,0,4.8
https://asgdropshipping.com/what-is-drop-shipping-proven-tactics-to-protect-your-suppliers/,0,5,0,39.4
https://asgdropshipping.com/blog/page/17/,0,4,0,2.75
https://asgdropshipping.com/blog/page/13/,0,4,0,3.5
https://asgdropshipping.com/best-wholesale-clothing-vendors-expert-mastery-in-practice/,0,4,0,8.25
https://asgdropshipping.com/where-are-levi-jeans-made/,0,4,0,18
https://asgdropshipping.com/best-dhgate-sellers-in-2024/#elementor-toc__heading-anchor-1,0,3,0,7
https://asgdropshipping.com/best-dhgate-sellers-in-2024/#elementor-toc__heading-anchor-5,0,3,0,7
https://asgdropshipping.com/how-long-does-stockx-take-to-ship/#elementor-toc__heading-anchor-3,0,3,0,8.67
https://asgdropshipping.com/blog/page/11/,0,2,0,3
https://asgdropshipping.com/best-dropshipping-agent-for-us-market-in-2026-top-6-ranked-2/,0,2,0,5
https://asgdropshipping.com/blog/page/14/,0,2,0,5.5
https://asgdropshipping.com/how-to-epacket-tracking/,0,1,0,6
https://asgdropshipping.com/tag/janson/page/3/,0,1,0,23
https://asgdropshipping.com/how-long-first-class-mail-take/,0,1,0,25
