ref,url,page_type,clicks,impressions,ctr,position,recommendation,priority,cluster,reason
home,https://asgdropshipping.com/,home,164,697,0.2353,4.0,KEEP,P3,,"non-content, out of audit scope (home surface)"
how-long-does-stockx-take-to-ship,https://asgdropshipping.com/how-long-does-stockx-take-to-ship/,article,13,21925,0.0006,9.1,UPGRADE,P0,logistics,high demand 21925 impr but CTR 0.0006 at pos 9.1 — title/meta/snippet not capturing the click; refresh + rich-snippet pass
products,https://asgdropshipping.com/products/,product,5,379,0.0132,1.8,KEEP,P3,,"non-content, out of audit scope (product surface)"
dropshipping-automation-software,https://asgdropshipping.com/dropshipping-automation-software/,article,4,3278,0.0012,29.9,UPGRADE,P1,general,"pos 29.9, 3278 impr but 4 clicks — topic has demand, underperforming SERP; rewrite intro/title"
best-dhgate-sellers-in-2024,https://asgdropshipping.com/best-dhgate-sellers-in-2024/,article,3,240,0.0125,11.1,UPGRADE,P2,sourcing,"pos 11.1, 240 impr but 3 clicks — topic has demand, underperforming SERP; rewrite intro/title + de-stale year"
dropshipping-service,https://asgdropshipping.com/dropshipping-service/,system,2,307,0.0065,2.1,KEEP,P3,,"non-content, out of audit scope (system surface)"
the-top-10-dropshipping-suppliers-and-platforms,https://asgdropshipping.com/the-top-10-dropshipping-suppliers-and-platforms/,article,2,166,0.012,29.6,UPGRADE,P2,sourcing,"pos 29.6, 166 impr but 2 clicks — topic has demand, underperforming SERP; rewrite intro/title"
usps-vs-ups,https://asgdropshipping.com/usps-vs-ups/,article,1,8502,0.0001,17.4,UPGRADE,P0,comparison,high demand 8502 impr but CTR 0.0001 at pos 17.4 — title/meta/snippet not capturing the click; refresh + rich-snippet pass
what-happened-to-pandabuy-is-pandabuy-legit,https://asgdropshipping.com/what-happened-to-pandabuy-is-pandabuy-legit/,article,1,3042,0.0003,12.5,UPGRADE,P0,sourcing,high demand 3042 impr but CTR 0.0003 at pos 12.5 — title/meta/snippet not capturing the click; refresh + rich-snippet pass
hypersku-vs-private-dropshipping-agent-which-is-better-in-2026,https://asgdropshipping.com/hypersku-vs-private-dropshipping-agent-which-is-better-in-2026/,article,1,510,0.002,7.3,KEEP,P2,comparison,"ranking pos 7.3 with 1 clicks / 510 impr — performing, hold"
affiliate-program,https://asgdropshipping.com/affiliate-program/,system,1,286,0.0035,1.6,KEEP,P3,,"non-content, out of audit scope (system surface)"
about-us-2,https://asgdropshipping.com/about-us-2/,system,1,273,0.0037,4.7,KEEP,P3,,"non-content, out of audit scope (system surface)"
from,https://asgdropshipping.com/from/,category,1,255,0.0039,2.0,KEEP,P3,,"non-content, out of audit scope (category surface)"
cj-dropshipping-vs-private-agent-which-one-is-right-for-your-stage,https://asgdropshipping.com/cj-dropshipping-vs-private-agent-which-one-is-right-for-your-stage/,article,1,227,0.0044,7.1,KEEP,P2,comparison,"ranking pos 7.1 with 1 clicks / 227 impr — performing, hold"
contact-us,https://asgdropshipping.com/contact-us/,system,1,186,0.0054,5.1,KEEP,P3,,"non-content, out of audit scope (system surface)"
category/janson,https://asgdropshipping.com/category/janson/,category,1,66,0.0152,5.5,KEEP,P3,,"non-content, out of audit scope (category surface)"
selection,https://asgdropshipping.com/selection/,system,1,44,0.0227,5.6,KEEP,P3,,"non-content, out of audit scope (system surface)"
where-can-when-should-i-seek-3pl-dropshipping,https://asgdropshipping.com/where-can-when-should-i-seek-3pl-dropshipping/,article,1,18,0.0556,12.6,UPGRADE,P3,logistics,"pos 12.6, 18 impr, 1 clicks — marginal, low-priority refresh"
graphic-design,https://asgdropshipping.com/graphic-design/,system,1,9,0.1111,13.0,KEEP,P3,,"non-content, out of audit scope (system surface)"
why-does-is-dhgate-legit,https://asgdropshipping.com/why-does-is-dhgate-legit/,article,0,2304,0.0,26.3,UPGRADE,P1,sourcing,"pos 26.3, 2304 impr but 0 clicks — topic has demand, underperforming SERP; rewrite intro/title"
aliexpress-vs-dhgate-in-2025-a-detailed-comparison,https://asgdropshipping.com/aliexpress-vs-dhgate-in-2025-a-detailed-comparison/,article,0,911,0.0,10.6,UPGRADE,P1,comparison,"pos 10.6, 911 impr but 0 clicks — topic has demand, underperforming SERP; rewrite intro/title"
how-long-how-long-does-customs-clearance-take-from-china-to-the-usa-2,https://asgdropshipping.com/how-long-how-long-does-customs-clearance-take-from-china-to-the-usa-2/,article,0,638,0.0,7.4,UPGRADE,P1,logistics,"pos 7.4, 638 impr but 0 clicks — topic has demand, underperforming SERP; rewrite intro/title"
how-to-marketplace-research-tool,https://asgdropshipping.com/how-to-marketplace-research-tool/,article,0,602,0.0,26.2,UPGRADE,P1,sourcing,"pos 26.2, 602 impr but 0 clicks — topic has demand, underperforming SERP; rewrite intro/title"
how-long-dropshipping-companies-shopify,https://asgdropshipping.com/how-long-dropshipping-companies-shopify/,article,0,562,0.0,9.4,UPGRADE,P1,general,"pos 9.4, 562 impr but 0 clicks — topic has demand, underperforming SERP; rewrite intro/title"
how-long-how-long-does-customs-clearance-take-from-china-to-the-usa,https://asgdropshipping.com/how-long-how-long-does-customs-clearance-take-from-china-to-the-usa/,article,0,452,0.0,6.2,UPGRADE,P1,logistics,"pos 6.2, 452 impr but 0 clicks — topic has demand, underperforming SERP; rewrite intro/title"
top-20-premier-chinese-wholesale-websites-for-bulk-purchasing-from-china,https://asgdropshipping.com/top-20-premier-chinese-wholesale-websites-for-bulk-purchasing-from-china/,article,0,416,0.0,64.2,REWRITE,P2,sourcing,buried at pos 64.2 (416 impr) but cluster 'sourcing' is strategic — rebuild for intent
goat-order-shipping-time-a-complete-analysis-from-order-to-delivery,https://asgdropshipping.com/goat-order-shipping-time-a-complete-analysis-from-order-to-delivery/,article,0,344,0.0,9.8,UPGRADE,P1,logistics,"pos 9.8, 344 impr but 0 clicks — topic has demand, underperforming SERP; rewrite intro/title"
what-happens-if-zendrop-dropshipping,https://asgdropshipping.com/what-happens-if-zendrop-dropshipping/,article,0,254,0.0,9.1,UPGRADE,P2,agent,"pos 9.1, 254 impr but 0 clicks — topic has demand, underperforming SERP; rewrite intro/title"
international-warehouse-shein-complete-2026-shipping-guide,https://asgdropshipping.com/international-warehouse-shein-complete-2026-shipping-guide/,article,0,218,0.0,9.0,UPGRADE,P2,logistics,"pos 9.0, 218 impr but 0 clicks — topic has demand, underperforming SERP; rewrite intro/title"
where-to-research-prodcuts-dropshipping-reddit,https://asgdropshipping.com/where-to-research-prodcuts-dropshipping-reddit/,article,0,212,0.0,7.1,UPGRADE,P2,sourcing,"pos 7.1, 212 impr but 0 clicks — topic has demand, underperforming SERP; rewrite intro/title"
what-does-in-transit-mean-in-usps,https://asgdropshipping.com/what-does-in-transit-mean-in-usps/,article,0,203,0.0,9.2,UPGRADE,P2,logistics,"pos 9.2, 203 impr but 0 clicks — topic has demand, underperforming SERP; rewrite intro/title"
how-does-it-work-bigcommerce-dropshipping,https://asgdropshipping.com/how-does-it-work-bigcommerce-dropshipping/,article,0,191,0.0,5.6,UPGRADE,P2,general,"pos 5.6, 191 impr but 0 clicks — topic has demand, underperforming SERP; rewrite intro/title"
why-does-es-is-poshmark-legit,https://asgdropshipping.com/why-does-es-is-poshmark-legit/,article,0,190,0.0,9.1,UPGRADE,P2,general,"pos 9.1, 190 impr but 0 clicks — topic has demand, underperforming SERP; rewrite intro/title"
is-zendrop-a-reputable-dropshipping-supplier-or-do-you-need-a-private-agent,https://asgdropshipping.com/is-zendrop-a-reputable-dropshipping-supplier-or-do-you-need-a-private-agent/,article,0,186,0.0,9.0,UPGRADE,P2,agent,"pos 9.0, 186 impr but 0 clicks — topic has demand, underperforming SERP; rewrite intro/title"
what-is-advertising-dropshipping,https://asgdropshipping.com/what-is-advertising-dropshipping/,article,0,178,0.0,9.9,UPGRADE,P2,general,"pos 9.9, 178 impr but 0 clicks — topic has demand, underperforming SERP; rewrite intro/title"
temu-vs-shein-is-temu-better-than-shein-asg-brings-in-depth-reviews,https://asgdropshipping.com/temu-vs-shein-is-temu-better-than-shein-asg-brings-in-depth-reviews/,article,0,155,0.0,27.9,UPGRADE,P2,comparison,"pos 27.9, 155 impr but 0 clicks — topic has demand, underperforming SERP; rewrite intro/title"
shopify-dropshipping-suppliers-top-7-compared-for-speed-quality-and-scale,https://asgdropshipping.com/shopify-dropshipping-suppliers-top-7-compared-for-speed-quality-and-scale/,article,0,133,0.0,9.4,UPGRADE,P2,comparison,"pos 9.4, 133 impr but 0 clicks — topic has demand, underperforming SERP; rewrite intro/title"
how-to-find-winning-products,https://asgdropshipping.com/how-to-find-winning-products/,article,0,126,0.0,11.2,UPGRADE,P2,general,"pos 11.2, 126 impr but 0 clicks — topic has demand, underperforming SERP; rewrite intro/title"
sourcing-purchasing,https://asgdropshipping.com/sourcing-purchasing/,system,0,120,0.0,6.3,KEEP,P3,,"non-content, out of audit scope (system surface)"
how-to-drop-shipping-fulfillment-services,https://asgdropshipping.com/how-to-drop-shipping-fulfillment-services/,article,0,106,0.0,47.2,REWRITE,P2,logistics,buried at pos 47.2 (106 impr) but cluster 'logistics' is strategic — rebuild for intent
can-i-free-dropshipping-website-builder,https://asgdropshipping.com/can-i-free-dropshipping-website-builder/,article,0,100,0.0,10.8,UPGRADE,P2,general,"pos 10.8, 100 impr but 0 clicks — topic has demand, underperforming SERP; rewrite intro/title"
blog,https://asgdropshipping.com/blog/,system,0,91,0.0,4.4,KEEP,P3,,"non-content, out of audit scope (system surface)"
do-you-need-dropshipping-spy-tools,https://asgdropshipping.com/do-you-need-dropshipping-spy-tools/,article,0,86,0.0,9.3,REWRITE,P3,sourcing,thin: pos 9.3 but only 86 impr / 0 clicks — re-scope to a real-demand query or merge into a pillar
what-happens-if-start-dropshipping-for-free,https://asgdropshipping.com/what-happens-if-start-dropshipping-for-free/,article,0,85,0.0,7.9,REWRITE,P3,general,thin: pos 7.9 but only 85 impr / 0 clicks — re-scope to a real-demand query or merge into a pillar
how-to-temu-dropshipping-shopify,https://asgdropshipping.com/how-to-temu-dropshipping-shopify/,article,0,78,0.0,10.2,REWRITE,P3,sourcing,thin: pos 10.2 but only 78 impr / 0 clicks — re-scope to a real-demand query or merge into a pillar
quality-control,https://asgdropshipping.com/quality-control/,system,0,70,0.0,11.6,KEEP,P3,,"non-content, out of audit scope (system surface)"
extra-service,https://asgdropshipping.com/extra-service/,system,0,58,0.0,4.6,KEEP,P3,,"non-content, out of audit scope (system surface)"
product-development,https://asgdropshipping.com/product-development/,system,0,57,0.0,7.3,KEEP,P3,,"non-content, out of audit scope (system surface)"
shipping-solution,https://asgdropshipping.com/shipping-solution/,system,0,55,0.0,7.3,KEEP,P3,,"non-content, out of audit scope (system surface)"
amazon-fba,https://asgdropshipping.com/amazon-fba/,system,0,53,0.0,6.6,KEEP,P3,,"non-content, out of audit scope (system surface)"
private-label,https://asgdropshipping.com/private-label/,system,0,51,0.0,6.5,KEEP,P3,,"non-content, out of audit scope (system surface)"
why-90-of-dropshipping-sellers-fail-at-supply-chain,https://asgdropshipping.com/why-90-of-dropshipping-sellers-fail-at-supply-chain/,article,0,41,0.0,13.6,REWRITE,P3,general,thin: pos 13.6 but only 41 impr / 0 clicks — re-scope to a real-demand query or merge into a pillar
do-you-need-best-dropshipping-app,https://asgdropshipping.com/do-you-need-best-dropshipping-app/,article,0,40,0.0,7.9,REWRITE,P3,general,thin: pos 7.9 but only 40 impr / 0 clicks — re-scope to a real-demand query or merge into a pillar
what-is-modern-dropship,https://asgdropshipping.com/what-is-modern-dropship/,article,0,40,0.0,8.6,REWRITE,P3,general,thin: pos 8.6 but only 40 impr / 0 clicks — re-scope to a real-demand query or merge into a pillar
the-ultimate-guide-to-tiktok,https://asgdropshipping.com/the-ultimate-guide-to-tiktok/,article,0,38,0.0,11.2,REWRITE,P3,general,thin: pos 11.2 but only 38 impr / 0 clicks — re-scope to a real-demand query or merge into a pillar
asg-factory-direct-dropshipping-guide-zero-capital-to-global-market,https://asgdropshipping.com/asg-factory-direct-dropshipping-guide-zero-capital-to-global-market/,article,0,37,0.0,5.4,REWRITE,P3,general,thin: pos 5.4 but only 37 impr / 0 clicks — re-scope to a real-demand query or merge into a pillar
our-blog,https://asgdropshipping.com/our-blog/,system,0,35,0.0,7.2,KEEP,P3,,"non-content, out of audit scope (system surface)"
where-to-best-ecommerce-platform-for-dropshipping,https://asgdropshipping.com/where-to-best-ecommerce-platform-for-dropshipping/,article,0,35,0.0,23.3,REWRITE,P3,general,thin: pos 23.3 but only 35 impr / 0 clicks — re-scope to a real-demand query or merge into a pillar
payment-information,https://asgdropshipping.com/payment-information/,system,0,30,0.0,6.4,KEEP,P3,,"non-content, out of audit scope (system surface)"
how-to-dropshipping-fulfillment,https://asgdropshipping.com/how-to-dropshipping-fulfillment/,article,0,29,0.0,12.8,REWRITE,P3,logistics,thin: pos 12.8 but only 29 impr / 0 clicks — re-scope to a real-demand query or merge into a pillar
how-to-do-you-have-to-pay-taxes-on-dropshipping,https://asgdropshipping.com/how-to-do-you-have-to-pay-taxes-on-dropshipping/,article,0,26,0.0,16.1,REWRITE,P3,general,thin: pos 16.1 but only 26 impr / 0 clicks — re-scope to a real-demand query or merge into a pillar
how-do-dropshipping-agents-handle-quality-control-the-6-step-answer,https://asgdropshipping.com/how-do-dropshipping-agents-handle-quality-control-the-6-step-answer/,article,0,25,0.0,7.1,REWRITE,P3,agent,thin: pos 7.1 but only 25 impr / 0 clicks — re-scope to a real-demand query or merge into a pillar
how-to-scale-a-dropshipping-business-from-100-to-1000-orders-per-day,https://asgdropshipping.com/how-to-scale-a-dropshipping-business-from-100-to-1000-orders-per-day/,article,0,23,0.0,5.2,REWRITE,P3,general,thin: pos 5.2 but only 23 impr / 0 clicks — re-scope to a real-demand query or merge into a pillar
switch-from-aliexpress-to-a-private-agent-at-30-daily-orders,https://asgdropshipping.com/switch-from-aliexpress-to-a-private-agent-at-30-daily-orders/,article,0,23,0.0,10.8,REWRITE,P3,agent,thin: pos 10.8 but only 23 impr / 0 clicks — re-scope to a real-demand query or merge into a pillar
how-long-is-temu-safe,https://asgdropshipping.com/how-long-is-temu-safe/,article,0,20,0.0,5.1,REWRITE,P3,sourcing,thin: pos 5.1 but only 20 impr / 0 clicks — re-scope to a real-demand query or merge into a pillar
how-long-does-stockx-take-to-ship,https://asgdropshipping.com/how-long-does-stockx-take-to-ship/#elementor-toc__heading-anchor-0,article,0,20,0.0,9.6,KILL,P3,logistics,"in-page TOC anchor variant of a canonical article; index noise, no standalone value (impr=20)"
how-long-does-stockx-take-to-ship,https://asgdropshipping.com/how-long-does-stockx-take-to-ship/#elementor-toc__heading-anchor-7,article,0,19,0.0,9.4,KILL,P3,logistics,"in-page TOC anchor variant of a canonical article; index noise, no standalone value (impr=19)"
how-long-do-dhl-deliver-on-a-sunday,https://asgdropshipping.com/how-long-do-dhl-deliver-on-a-sunday/,article,0,19,0.0,13.1,REWRITE,P3,logistics,thin: pos 13.1 but only 19 impr / 0 clicks — re-scope to a real-demand query or merge into a pillar
how-long-china-warehouse-faqs,https://asgdropshipping.com/how-long-china-warehouse-faqs/,article,0,18,0.0,5.8,REWRITE,P3,logistics,thin: pos 5.8 but only 18 impr / 0 clicks — re-scope to a real-demand query or merge into a pillar
how-to-fob-meaning,https://asgdropshipping.com/how-to-fob-meaning/,article,0,16,0.0,5.3,REWRITE,P3,general,thin: pos 5.3 but only 16 impr / 0 clicks — re-scope to a real-demand query or merge into a pillar
how-to-dropshipping-site-can-be-used-for-tiktok,https://asgdropshipping.com/how-to-dropshipping-site-can-be-used-for-tiktok/,article,0,15,0.0,4.2,REWRITE,P3,general,thin: pos 4.2 but only 15 impr / 0 clicks — re-scope to a real-demand query or merge into a pillar
what-is-3pl-dropshipping,https://asgdropshipping.com/what-is-3pl-dropshipping/,article,0,15,0.0,8.2,REWRITE,P3,logistics,thin: pos 8.2 but only 15 impr / 0 clicks — re-scope to a real-demand query or merge into a pillar
how-long-does-stockx-take-to-ship,https://asgdropshipping.com/how-long-does-stockx-take-to-ship/#elementor-toc__heading-anchor-2,article,0,14,0.0,9.6,KILL,P3,logistics,"in-page TOC anchor variant of a canonical article; index noise, no standalone value (impr=14)"
how-to-dropshipping-clothing,https://asgdropshipping.com/how-to-dropshipping-clothing/,article,0,14,0.0,22.3,REWRITE,P3,jewelry,thin: pos 22.3 but only 14 impr / 0 clicks — re-scope to a real-demand query or merge into a pillar
how-long-does-stockx-take-to-ship,https://asgdropshipping.com/how-long-does-stockx-take-to-ship/#elementor-toc__heading-anchor-5,article,0,12,0.0,9.5,KILL,P3,logistics,"in-page TOC anchor variant of a canonical article; index noise, no standalone value (impr=12)"
6-best-china-to-usa-shipping-lines-for-dropshipping-in-2026,https://asgdropshipping.com/6-best-china-to-usa-shipping-lines-for-dropshipping-in-2026/,article,0,11,0.0,7.2,REWRITE,P3,logistics,thin: pos 7.2 but only 11 impr / 0 clicks — re-scope to a real-demand query or merge into a pillar
how-long-does-stockx-take-to-ship,https://asgdropshipping.com/how-long-does-stockx-take-to-ship/#elementor-toc__heading-anchor-1,article,0,11,0.0,9.6,KILL,P3,logistics,"in-page TOC anchor variant of a canonical article; index noise, no standalone value (impr=11)"
how-long-does-stockx-take-to-ship,https://asgdropshipping.com/how-long-does-stockx-take-to-ship/#elementor-toc__heading-anchor-6,article,0,11,0.0,9.6,KILL,P3,logistics,"in-page TOC anchor variant of a canonical article; index noise, no standalone value (impr=11)"
how-to-sourcing-request-on-cj-dropshipping,https://asgdropshipping.com/how-to-sourcing-request-on-cj-dropshipping/,article,0,9,0.0,7.2,REWRITE,P3,agent,thin: pos 7.2 but only 9 impr / 0 clicks — re-scope to a real-demand query or merge into a pillar
how-long-does-stockx-take-to-ship,https://asgdropshipping.com/how-long-does-stockx-take-to-ship/#elementor-toc__heading-anchor-15,article,0,8,0.0,10.0,KILL,P3,logistics,"in-page TOC anchor variant of a canonical article; index noise, no standalone value (impr=8)"
how-to-connect-tiktok-shop-with-cj-dropshipping,https://asgdropshipping.com/how-to-connect-tiktok-shop-with-cj-dropshipping/,article,0,7,0.0,7.6,REWRITE,P3,agent,thin: pos 7.6 but only 7 impr / 0 clicks — re-scope to a real-demand query or merge into a pillar
best-dhgate-sellers-in-2024,https://asgdropshipping.com/best-dhgate-sellers-in-2024/#elementor-toc__heading-anchor-13,article,0,5,0.0,4.8,KILL,P3,sourcing,"in-page TOC anchor variant of a canonical article; index noise, no standalone value (impr=5)"
best-dhgate-sellers-in-2024,https://asgdropshipping.com/best-dhgate-sellers-in-2024/#elementor-toc__heading-anchor-4,article,0,5,0.0,4.8,KILL,P3,sourcing,"in-page TOC anchor variant of a canonical article; index noise, no standalone value (impr=5)"
best-dhgate-sellers-in-2024,https://asgdropshipping.com/best-dhgate-sellers-in-2024/#elementor-toc__heading-anchor-9,article,0,5,0.0,4.8,KILL,P3,sourcing,"in-page TOC anchor variant of a canonical article; index noise, no standalone value (impr=5)"
what-is-drop-shipping-proven-tactics-to-protect-your-suppliers,https://asgdropshipping.com/what-is-drop-shipping-proven-tactics-to-protect-your-suppliers/,article,0,5,0.0,39.4,KILL,P3,logistics,"pos 39.4, 5 impr, 0 clicks — deep rank + near-zero value, retire or merge"
blog/page/17,https://asgdropshipping.com/blog/page/17/,system,0,4,0.0,2.8,KEEP,P3,,"non-content, out of audit scope (system surface)"
blog/page/13,https://asgdropshipping.com/blog/page/13/,system,0,4,0.0,3.5,KEEP,P3,,"non-content, out of audit scope (system surface)"
best-wholesale-clothing-vendors-expert-mastery-in-practice,https://asgdropshipping.com/best-wholesale-clothing-vendors-expert-mastery-in-practice/,article,0,4,0.0,8.2,REWRITE,P3,sourcing,thin: pos 8.2 but only 4 impr / 0 clicks — re-scope to a real-demand query or merge into a pillar
where-are-levi-jeans-made,https://asgdropshipping.com/where-are-levi-jeans-made/,article,0,4,0.0,18.0,REWRITE,P3,jewelry,thin: pos 18.0 but only 4 impr / 0 clicks — re-scope to a real-demand query or merge into a pillar
best-dhgate-sellers-in-2024,https://asgdropshipping.com/best-dhgate-sellers-in-2024/#elementor-toc__heading-anchor-1,article,0,3,0.0,7.0,KILL,P3,sourcing,"in-page TOC anchor variant of a canonical article; index noise, no standalone value (impr=3)"
best-dhgate-sellers-in-2024,https://asgdropshipping.com/best-dhgate-sellers-in-2024/#elementor-toc__heading-anchor-5,article,0,3,0.0,7.0,KILL,P3,sourcing,"in-page TOC anchor variant of a canonical article; index noise, no standalone value (impr=3)"
how-long-does-stockx-take-to-ship,https://asgdropshipping.com/how-long-does-stockx-take-to-ship/#elementor-toc__heading-anchor-3,article,0,3,0.0,8.7,KILL,P3,logistics,"in-page TOC anchor variant of a canonical article; index noise, no standalone value (impr=3)"
blog/page/11,https://asgdropshipping.com/blog/page/11/,system,0,2,0.0,3.0,KEEP,P3,,"non-content, out of audit scope (system surface)"
best-dropshipping-agent-for-us-market-in-2026-top-6-ranked-2,https://asgdropshipping.com/best-dropshipping-agent-for-us-market-in-2026-top-6-ranked-2/,article,0,2,0.0,5.0,REWRITE,P3,agent,thin: pos 5.0 but only 2 impr / 0 clicks — re-scope to a real-demand query or merge into a pillar
blog/page/14,https://asgdropshipping.com/blog/page/14/,system,0,2,0.0,5.5,KEEP,P3,,"non-content, out of audit scope (system surface)"
how-to-epacket-tracking,https://asgdropshipping.com/how-to-epacket-tracking/,article,0,1,0.0,6.0,REWRITE,P3,logistics,thin: pos 6.0 but only 1 impr / 0 clicks — re-scope to a real-demand query or merge into a pillar
tag/janson/page/3,https://asgdropshipping.com/tag/janson/page/3/,category,0,1,0.0,23.0,KEEP,P3,,"non-content, out of audit scope (category surface)"
how-long-first-class-mail-take,https://asgdropshipping.com/how-long-first-class-mail-take/,article,0,1,0.0,25.0,REWRITE,P3,logistics,thin: pos 25.0 but only 1 impr / 0 clicks — re-scope to a real-demand query or merge into a pillar
